Actual_Demand,Predicted_Demand
246.83333333333334,228.79657
338.66666666666663,296.53146
430.5,362.09537
522.3333333333333,424.80084
614.1666666666666,485.36276
706.0,544.14825
319.0,601.3499
451.99999999999994,330.4563
264.0,433.7373
266.42857142857144,294.01358
268.85714285714283,304.40543
271.2857142857143,307.7095
273.7142857142857,312.7499
276.14285714285717,316.35376
278.57142857142856,318.8706
281.0,320.56558
105.0,321.76678
101.4,185.71391
97.8,185.25842
94.2,181.45288
90.6,179.6479
87.0,177.24263
44.0,174.33507
128.0,139.72804
211.99999999999997,205.29767
296.0,267.91428
380.0,329.4722
464.0,388.56665
548.0,445.61887
632.0,500.9636
475.3333333333333,554.8291
318.6666666666667,447.42545
162.0,336.43005
553.0,219.4516
131.0,501.37054
633.5,193.18091
1136.0,557.5556
40.0,843.70447
44.111111111111114,100.75615
48.22222222222222,142.35371
52.333333333333336,137.55444
56.44444444444445,147.75493
60.55555555555556,155.37035
64.66666666666666,160.85329
68.77777777777777,164.2489
72.88888888888889,166.19273
77.0,167.32964
84.55555555555556,168.19458
92.11111111111111,171.8772
99.66666666666666,175.8596
107.22222222222224,180.26538
114.77777777777777,185.06337
122.33333333333333,190.21797
129.88888888888889,195.66429
137.44444444444446,201.32889
145.0,207.13327
893.0,213.02026
679.25,694.04724
465.5,582.7655
251.75,444.5947
38.0,285.01974
157.0,119.711716
276.0,220.53014
360.0,312.5905
530.0,377.86023
1000.0,496.49838
180.0,775.82166
757.0,220.78975
88.0,629.928
577.0,146.0939
774.0,520.1621
39.0,643.7443
43.5,113.44819
48.0,141.86667
52.5,141.73315
57.0,150.77316
61.5,157.3025
66.0,161.81296
70.5,164.61972
75.0,166.36656
1102.0,167.63052
706.5,790.7558
311.0,599.66473
542.3333333333334,334.23206
773.6666666666667,493.65237
1005.0,638.40015
112.99999999999999,776.45435
81.5,155.12122
50.0,163.62352
1047.0,135.90425
1023.5,769.2449
1000.0,791.30566
904.6,788.9381
809.2,726.6843
713.8,665.6809
618.4,604.2293
523.0,543.17914
427.59999999999985,481.62854
332.19999999999993,418.8967
236.79999999999998,354.39777
141.39999999999998,287.70404
46.0,218.52022
1140.0,146.65465
35.0,814.4654
365.0,107.84016
695.0,392.3572
326.0,598.1909
601.0,347.59467
430.5,543.58307
260.0,421.46948
435.5,301.54962
611.0,429.08246
786.5,545.8618
961.9999999999999,657.4469
1618.0,759.7473
59.99999999999999,1065.5072
35.0,84.50144
75.0,130.92409
115.00000000000001,153.48352
155.0,196.46507
195.0,235.10365
235.00000000000003,269.36493
275.0,299.57333
315.0,326.96658
355.0,352.74173
395.0,377.8351
676.0,402.8546
266.0,586.206
401.0,296.7108
536.0,402.59848
98.0,491.19385
339.0,166.20508
21.0,359.74542
31.0,110.09893
70.0,130.87029
109.0,161.60944
589.0,194.68515
554.2857142857143,530.48175
519.5714285714286,512.494
484.8571428571429,489.7345
450.1428571428571,460.66235
415.42857142857144,433.74704
380.7142857142857,408.44458
346.0,384.34857
290.8333333333333,360.86725
235.66666666666669,322.35754
180.5,283.53473
125.33333333333336,243.78757
70.16666666666669,203.21417
14.999999999999998,161.66046
136.16666666666669,119.03921
257.33333333333337,215.58867
378.5,305.98306
499.66666666666674,393.01517
620.8333333333334,474.92664
742.0,552.5764
374.5,626.68896
7.0,373.22256
23.0,92.259705
39.0,113.78381
55.0,129.5224
29.0,148.68672
79.0,131.69258
129.0,173.38354
172.25,211.57817
215.5,243.44574
258.75,273.92715
302.0,303.61032
277.5,333.0179
253.00000000000003,312.98917
228.5,293.6942
204.0,274.62344
179.5,256.42624
155.0,238.7303
614.0,221.21474
11.0,540.7085
1078.0,96.43266
21.0,775.77704
244.00000000000003,86.654434
177.5,297.13593
111.0,235.4975
93.0,191.40724
190.5,179.78392
288.0,256.68625
391.0,329.26633
494.0,402.79504
477.6666666666667,472.1906
461.3333333333333,458.45135
445.0,444.88837
359.0,431.1942
249.49999999999997,368.9321
140.0,289.15738
235.83333333333331,207.5332
331.66666666666663,284.39313
427.5,355.9741
523.3333333333333,425.79984
619.1666666666666,491.3162
715.0,553.3034
1170.0,612.4611
1625.0,863.8658
1115.0,1073.8859
579.5,828.6936
44.0,501.91925
470.99999999999994,103.55484
898.0,444.15723
936.4285714285716,714.1306
974.857142857143,748.41943
1013.2857142857142,773.7414
1051.7142857142858,791.7869
1090.142857142857,809.91394
1128.5714285714287,828.3288
1167.0,847.2027
41.0,866.38403
472.0,77.563385
451.25000000000006,451.9098
430.5,432.1533
409.75,431.9147
389.0,419.87866
368.25,406.34036
347.5,391.20416
326.75,375.2538
306.0,358.91153
1895.0,342.47647
54.00000000000001,1076.4054
244.99999999999997,96.22769
436.0,307.58197
627.0,423.35846
351.0,558.3003
339.5,368.49112
328.0,368.12802
95.0,357.25864
839.0,179.27487
974.0000000000001,675.4178
227.0,765.7969
76.0,262.7394
253.99999999999997,162.00108
432.00000000000006,296.4161
240.49999999999997,425.94376
49.0,289.25516
117.87499999999999,144.32379
186.75,200.8929
255.625,252.88342
324.5,305.42932
393.375,355.12653
462.24999999999994,402.5754
531.125,448.3549
600.0,492.96295
1481.0,536.7254
1195.5,987.5443
910.0,874.6494
583.0,722.163
256.0,508.44083
140.5,278.2475
25.0,202.19505
183.0,118.720024
48.0,253.74864
780.0,150.42741
580.0,647.84814
380.0,532.8525
180.0,399.04044
489.99999999999994,243.7456
374.0,465.52652
258.0,382.23618
228.71428571428572,301.2173
199.42857142857144,279.31186
170.14285714285714,257.5085
140.85714285714286,236.66983
111.57142857142858,215.40233
82.28571428571428,193.60426
52.99999999999999,171.24005
80.0,148.35092
972.0,169.83337
521.0,733.4306
950.0,479.6901
701.0,749.2715
475.0,593.69714
314.5,446.08524
154.0,330.32355
455.0,212.20378
756.0,438.6181
1057.0,635.447
555.0,812.3041
1015.9999999999999,500.19785
993.0000000000001,785.4739
970.0,770.52563
947.0,761.51324
923.9999999999999,745.69855
901.0000000000001,731.7538
878.0,718.4844
855.0,705.7314
831.9999999999999,693.1405
809.0,680.4956
786.0,667.6614
763.0,654.5726
740.0,641.2105
717.0,627.58356
503.0,613.7212
983.0,470.71744
76.0,768.4786
526.0,130.15878
513.3333333333334,494.9545
500.66666666666663,480.46335
488.00000000000006,480.4364
435.0,470.85016
674.0,433.05237
913.0,591.18414
690.0,732.9486
467.0,595.1484
461.99999999999994,446.18362
457.0,443.565
399.5,439.90497
342.0,401.7407
319.5,363.09583
297.0,348.82547
274.5,333.60492
252.0,318.1015
229.5,301.9003
207.00000000000003,285.16333
117.0,268.03198
27.000000000000004,198.18097
102.0,127.32058
249.33333333333337,187.47993
396.6666666666667,298.43112
544.0,404.3632
566.0,504.0914
612.0,516.9112
658.0,544.78925
84.0,571.7507
370.0,146.3654
656.0,377.33524
380.5,567.1835
105.0,383.65912
219.0,181.34264
333.0,274.01556
148.0,357.57654
173.33333333333334,220.1508
198.66666666666666,244.17067
224.0,261.63208
249.33333333333331,280.8967
274.66666666666663,299.1119
300.0,316.6847
325.3333333333333,333.8765
350.66666666666663,350.93277
376.0,368.00497
401.3333333333333,385.16486
426.66666666666663,402.42902
451.99999999999994,419.7691
342.3333333333333,437.13586
232.66666666666666,358.3959
123.0,278.54514
196.0,195.64734
21.0,255.2646
19.333333333333332,117.89031
17.666666666666668,122.44261
16.0,121.21839
364.0,121.17567
234.0,380.37463
430.0,286.3558
753.0,427.52008
784.75,631.473
816.5,652.47107
848.2499999999999,670.6037
880.0,686.28033
911.75,703.5815
943.4999999999999,721.8558
975.2500000000001,740.67084
1007.0,759.591
747.0,778.3261
487.00000000000006,620.41394
70.0,452.18872
162.5,140.63536
255.0,232.87576
411.0,305.09506
230.49999999999997,423.0976
50.0,291.33734
417.0,153.21513
343.2,423.44855
269.4,369.06894
195.60000000000002,316.6914
121.80000000000001,257.69315
48.0,199.20552
300.0,140.75157
321.55555555555554,332.59192
343.1111111111111,348.48782
364.6666666666667,365.58676
386.22222222222223,379.06696
407.77777777777777,392.79016
429.33333333333337,406.8256
450.8888888888889,421.2207
472.44444444444446,435.87906
494.0,450.68542
468.0,465.53253
442.00000000000006,447.57632
415.99999999999994,430.03354
390.0,412.21722
364.0,394.66074
459.0,377.14404
469.00000000000006,445.3715
479.00000000000006,452.0494
488.99999999999994,459.70328
498.99999999999994,465.88913
508.99999999999994,472.10574
519.0,478.38565
274.0,484.7833
29.0,307.5294
92.88888888888889,120.47002
156.77777777777777,177.70897
220.66666666666663,228.56953
284.55555555555554,280.22562
348.44444444444446,328.30203
412.3333333333333,373.51273
476.22222222222223,416.62927
540.1111111111111,458.37524
604.0,499.247
802.0,539.51654
1000.0,661.947
806.0,775.57544
612.0,660.2083
418.0,537.0862
224.0,403.6458
29.999999999999996,264.97916
81.0,119.55641
132.0,170.66096
141.0,214.22794
150.0,224.92546
1657.0000000000002,232.86072
1561.0,997.0195
1465.0,1048.5939
1369.0,1023.2777
1273.0,966.7733
1177.0,913.6992
1081.0,861.83716
985.0,810.8983
889.0,759.62683
793.0,707.2076
697.0,653.041
601.0,596.7461
505.0,538.0959
725.3333333333334,476.9671
945.6666666666669,624.7423
1166.0,754.8457
1942.0,874.7598
741.0,1188.741
846.3333333333334,582.61206
951.6666666666667,692.9917
1057.0,743.12775
728.5,807.7789
400.0,609.6648
849.9999999999999,393.9453
508.99999999999994,692.86237
168.0,470.04175
308.1538461538462,232.8831
448.3076923076923,346.8148
588.4615384615385,445.06625
728.6153846153846,541.54297
868.7692307692308,630.0153
1008.923076923077,711.9757
1149.076923076923,788.6293
1289.2307692307693,860.9507
1429.3846153846155,929.5092
1569.5384615384617,994.57227
1709.6923076923078,1056.2246
1849.8461538461538,1114.4714
1990.0000000000002,1169.3066
180.0,1220.7451
1757.0,130.86472
1340.0,1012.6124
922.9999999999999,914.4567
506.00000000000006,732.5243
89.0,461.70096
867.9999999999999,160.67676
456.5,698.13135
45.0,438.41074
311.6666666666667,147.70547
578.3333333333334,358.7562
845.0000000000001,536.90515
477.0,702.91473
109.0,460.69406
70.5,187.44911
32.0,160.2431
54.2,129.06079
76.4,150.92896
98.6,170.55
120.8,189.0194
143.0,205.70743
165.2,221.1992
187.4,236.05945
209.60000000000002,250.73932
231.79999999999998,265.52292
253.99999999999997,280.54272
171.33333333333331,295.92346
88.66666666666666,232.37373
6.0,168.40083
12.999999999999998,102.8742
20.0,110.59055
25.0,117.65942
29.999999999999996,123.3833
903.9999999999999,128.10522
558.0,693.9094
433.99999999999994,505.52036
341.0,427.74435
248.0,353.9522
402.0,284.70224
359.8888888888889,398.96072
317.77777777777777,369.83328
275.66666666666663,343.10678
233.55555555555554,313.15045
191.44444444444443,282.98157
149.33333333333331,252.38702
107.22222222222217,221.32762
65.11111111111109,189.71266
23.0,157.48027
199.5,124.593605
376.0,261.84406
661.0,389.27335
655.0,578.3976
649.0,574.78705
21.0,568.92395
256.0,95.08725
232.0,294.25806
207.99999999999997,273.39648
29.999999999999996,263.04608
175.66666666666666,125.36503
321.3333333333333,244.4369
467.0,351.4306
356.0,454.77426
303.0,375.21936
250.0,335.7393
221.57142857142858,293.62872
193.14285714285714,271.94824
164.71428571428572,250.82127
136.28571428571428,230.26126
107.85714285714288,209.58069
79.42857142857144,188.58578
51.0,167.1664
80.0,145.28574
565.0,168.70113
543.0,510.20868
521.0,501.47726
498.99999999999994,487.9341
526.5,468.36282
554.0,484.82516
474.5,502.31223
395.0,447.9682
843.0,393.7332
563.0,682.03326
829.9999999999999,505.46835
1097.0,682.10034
748.3333333333333,828.88617
399.66666666666663,623.34796
51.0,391.33328
578.0,127.40263
548.1666666666666,518.40137
518.3333333333334,503.00922
488.50000000000006,492.06644
458.6666666666667,470.3628
428.8333333333333,448.66525
399.0,426.85706
37.0,405.2575
826.0,126.082504
560.0,662.5635
294.0,507.3819
28.0,329.2972
1298.0,120.39142
36.0,867.1936
246.0,93.5622
391.5,305.43515
537.0,396.83627
946.0,501.88763
829.2857142857143,750.5001
712.5714285714286,684.1414
595.8571428571429,612.20087
479.1428571428571,531.9864
362.42857142857144,451.95087
245.71428571428575,370.89606
129.0,288.24115
131.28571428571428,203.22658
133.57142857142858,210.55865
135.85714285714286,214.78395
138.14285714285714,218.69507
140.42857142857142,220.77762
142.71428571428572,221.58755
145.0,221.65472
78.0,221.43636
45.0,167.07108
118.80000000000001,139.92104
192.6,196.81622
266.4,252.42451
340.2,307.2936
414.00000000000006,360.08438
411.5,411.17645
409.0,408.015
872.0,405.27527
604.3333333333333,696.10785
336.66666666666663,531.47107
69.0,349.21375
207.49999999999997,143.81123
346.0,259.8065
393.125,363.68564
440.25,401.819
487.37500000000006,436.617
534.5,468.08145
581.625,498.29782
628.75,527.80676
675.875,556.95215
723.0,585.87775
160.0,614.61127
789.5,207.29468
1419.0,645.54395
600.0,973.394
595.0,514.5687
356.0,537.1565
436.75,359.88748
517.5,428.42667
598.25,484.8895
679.0,542.1206
360.5,595.0473
42.0,373.20334
143.75,132.64969
245.5,220.01225
347.25,296.7319
449.0,373.91095
41.0,445.64456
57.63636363636364,133.53244
74.27272727272728,154.33752
90.9090909090909,163.71062
107.54545454545455,178.30269
124.18181818181817,191.80846
140.8181818181818,204.42157
157.45454545454544,216.3118
174.0909090909091,227.79582
190.72727272727272,239.12704
207.36363636363637,250.53387
224.0,262.10315
29.0,273.8399
480.99999999999994,120.247314
414.99999999999994,451.51413
47.0,409.2365
367.0,132.05894
445.0,376.26633
492.5,429.93536
540.0,466.29233
534.25,497.70212
528.5,492.6424
522.75,488.10623
517.0,483.69037
25.999999999999996,479.97168
899.0,106.287254
802.5555555555555,695.53314
706.1111111111111,658.54535
609.6666666666667,609.87573
513.2222222222222,543.25507
416.77777777777777,477.38867
320.33333333333337,410.94412
223.8888888888889,343.76102
127.44444444444444,275.19363
31.0,204.72237
501.0,131.92908
241.0,475.70798
226.24999999999997,291.67523
211.50000000000003,287.50772
196.75,271.3314
182.0,259.03384
221.49999999999997,246.89125
261.0,276.2924
740.0,304.94678
37.0,621.2673
97.33333333333334,114.45547
157.66666666666669,181.41376
218.0,222.12737
116.5,271.40167
14.999999999999998,194.80243
67.28571428571428,116.12735
119.57142857142858,158.8167
171.85714285714286,199.32715
224.14285714285714,239.89496
276.42857142857144,278.64575
328.7142857142857,316.01468
381.0,352.4203
529.0,388.20584
415.49999999999994,488.63788
302.0,408.67612
29.0,327.38156
264.66666666666663,114.229095
500.3333333333333,302.57358
736.0,468.84354
151.0,624.7125
185.0,207.62607
352.0,248.26932
95.0,367.005
69.33333333333333,172.99043
43.666666666666664,160.57602
18.0,139.73717
181.0,121.340675
219.5,249.32355
258.0,277.7276
238.27272727272728,306.10492
218.5454545454546,288.83044
198.8181818181818,271.91556
179.0909090909091,255.18073
159.36363636363637,239.38902
139.63636363636363,224.28958
119.90909090909092,209.61082
100.18181818181819,195.09538
80.45454545454547,180.54892
60.72727272727275,165.8282
41.0,150.86
143.0,135.6076
244.99999999999997,215.64777
264.5,292.05176
284.0,306.3347
958.9999999999999,319.6212
711.3333333333334,737.3856
463.66666666666663,602.1317
216.00000000000003,440.80832
310.2,255.95152
404.4,331.54535
498.6,400.75894
592.8,470.37482
687.0,535.31976
765.1428571428571,596.235
843.2857142857142,643.9832
921.4285714285713,689.77576
999.5714285714284,733.9589
1077.7142857142858,776.9962
1155.857142857143,818.955
1234.0,859.83026
1089.75,899.57684
945.5,821.20404
801.25,740.67236
657.0,654.7978
512.75,566.4129
368.5,474.459
224.25,378.38242
80.0,277.60654
54.00000000000001,171.68036
299.66666666666663,157.60368
545.3333333333333,345.97684
791.0,514.86145
1280.0,668.9269
591.0,925.42505
554.0,518.05774
497.00000000000006,507.2564
328.0,460.28436
288.0,342.47318
248.0,319.5567
207.99999999999997,293.18637
168.0,267.376
128.0,239.8592
88.0,210.78845
48.0,180.34277
73.0,148.78554
368.0,168.35626
601.5,385.2169
835.0,542.1129
1340.0,686.31555
359.0,946.16077
256.0,339.30365
187.66666666666669,291.8029
119.33333333333334,234.2641
51.0,189.2961
78.0,142.61453
63.49999999999999,170.71194
49.0,162.06401
71.0,152.57489
159.5,169.63109
248.0,236.34625
342.0,300.31647
436.0,366.2152
530.0,429.60162
624.0,491.0186
718.0,550.72424
812.0,608.87225
905.9999999999999,665.46924
1000.0,720.44073
153.0,773.68353
1088.0,182.60994
582.0,791.7595
76.0,501.82703
881.0000000000001,150.26814
344.0,694.341
314.0,347.95682
284.0,352.68246
229.5,325.5081
175.0,287.247
600.0,247.30548
629.6666666666666,543.3594
659.3333333333334,563.83307
689.0,583.88654
922.3333333333335,598.1275
1155.6666666666667,734.9298
1389.0,860.1905
1165.1666666666667,975.4131
941.3333333333333,861.0237
717.5,736.0137
493.6666666666667,597.7204
269.83333333333326,452.39676
46.0,298.00858
882.0000000000001,133.54904
691.5,697.5975
501.0,598.6827
310.5,484.04846
119.99999999999999,344.054
415.99999999999994,198.87982
29.0,419.9979
70.0,122.08186
111.0,168.28593
152.0,197.16809
193.0,230.14816
538.0,260.89136
883.0000000000001,500.81424
336.0,712.14404
394.0,348.12848
441.00000000000006,398.34854
393.0,424.90482
25.0,392.73636
28.166666666666668,110.25276
31.333333333333332,124.191444
34.5,127.80398
37.666666666666664,134.98515
40.83333333333333,139.97197
44.0,143.12039
183.0,144.85938
34.0,250.6982
286.0,131.7501
285.3333333333333,322.56616
284.6666666666667,319.79614
284.0,319.39722
283.3333333333333,316.50723
282.6666666666667,314.81226
282.0,314.0342
207.99999999999997,313.93344
119.99999999999999,259.03302
32.0,192.83882
125.0,124.896065
218.0,201.02823
311.0,272.67688
285.6666666666667,342.52966
260.3333333333333,323.53217
235.00000000000003,303.79794
209.66666666666666,283.06696
184.33333333333334,263.14267
159.0,243.85063
133.66666666666669,224.96535
108.33333333333334,206.23012
83.0,187.43504
214.5,168.43024
346.0,270.0691
23.0,365.91248
134.0,116.70129
244.99999999999997,208.95535
403.5,289.67465
562.0,404.99368
264.0,512.74084
183.0,299.29468
38.0,241.37991
92.0,125.18441
239.99999999999997,172.63632
608.0,287.09125
976.0000000000001,541.4566
213.0,763.1448
785.0,248.67917
93.0,645.16644
85.0,148.03857
93.375,169.44545
101.75,172.9387
110.12500000000001,185.5398
118.5,195.86403
126.87499999999999,204.1436
135.25,210.61513
143.625,215.88577
152.0,220.5341
498.99999999999994,225.00919
180.0,469.82132
262.5,237.77853
345.0,304.5684
427.5,360.26956
510.0,419.36447
28.0,476.1279
145.0,109.90585
190.0,214.49959
235.00000000000003,246.5839
280.0,284.84506
325.0,319.74234
370.0,352.81055
414.99999999999994,384.34943
364.0,414.91064
48.0,377.00842
94.33333333333334,132.89143
140.66666666666669,175.9661
187.0,211.32053
233.33333333333334,249.7674
279.6666666666667,285.96918
326.0,320.26947
870.0,353.0746
1414.0,696.4245
1147.0,976.63983
880.0,855.4851
613.0,703.4973
557.0,529.2739
550.0,496.85004
686.0,495.8241
299.0,590.6161
68.0,320.1866
172.0,155.55145
610.0,243.69377
1048.0,548.9008
797.3333333333334,807.84546
546.6666666666667,667.67566
296.0,504.88248
325.0,321.90158
354.0,347.21646
355.0,368.86212
356.0,373.02628
357.0,375.9875
358.0,377.5023
359.0,378.21194
360.0,378.42224
470.00000000000006,378.4001
580.0,454.83716
1000.0,527.3794
973.0,776.085
1118.5,763.58344
1264.0,843.62885
301.0,914.57196
466.0,286.69458
552.6666666666666,443.86212
639.3333333333334,498.20996
726.0,563.99585
812.6666666666667,622.5275
899.3333333333334,676.78345
986.0,727.3195
547.0,775.1168
32.0,492.1883
89.0,109.8212
345.0,173.21535
369.0,366.93283
393.0,389.04285
417.0,410.11157
441.00000000000006,425.3687
465.0,439.60715
488.99999999999994,453.5015
513.0,467.5533
393.0,481.9519
273.0,396.13748
153.0,309.22763
33.0,218.97469
108.24999999999999,126.92172
183.5,191.04744
258.75,250.22241
334.0,308.24527
1001.6666666666666,362.69452
1669.3333333333333,767.7964
2337.0,1081.9327
1543.0,1314.4216
144.0,1032.4989
138.75,135.31679
133.5,192.54405
128.25,189.43428
123.0,203.84238
156.66666666666666,211.95216
190.33333333333331,245.04535
224.0,272.1951
257.66666666666663,295.91574
291.3333333333333,317.1612
325.0,337.28122
431.0,357.21426
537.0,428.36942
535.5,497.41782
534.0,494.28278
532.5,491.6905
531.0,489.10776
529.5,487.75696
528.0,487.19473
427.5,487.07733
327.0,418.0265
388.75,348.1838
450.50000000000006,395.50482
512.25,439.60342
574.0,483.3592
288.0,524.68005
95.0,319.52264
360.5,175.73894
626.0,376.70343
546.0,555.6688
466.0,505.94916
386.0,451.82996
306.0,392.8112
225.99999999999997,334.19046
146.0,275.46487
162.0,216.24014
257.0,231.56244
352.0,304.5339
447.0,374.29364
128.0,440.8858
98.0,200.82173
68.0,181.91154
216.99999999999997,155.79213
327.0,272.26547
330.4,353.3623
333.8,356.48178
337.2,357.9826
340.6,358.4271
344.0,359.53726
382.6363636363636,361.285
421.27272727272725,388.82556
459.9090909090909,415.99588
498.5454545454545,443.06937
537.1818181818181,469.53986
575.8181818181818,495.46912
614.4545454545455,520.9279
653.090909090909,545.98364
691.7272727272727,570.68066
730.3636363636363,595.0427
769.0,619.0775
602.0,642.7853
538.0,533.91656
451.99999999999994,494.03943
366.0,435.0541
280.0,376.9866
194.0,317.1949
108.00000000000001,255.78027
22.0,192.39665
162.0,126.84669
302.0,239.15591
319.0,342.346
336.0,354.4353
353.0,364.73544
370.0,373.44254
387.0,382.80603
31.0,392.94354
37.0,117.25444
35.833333333333336,129.96548
34.666666666666664,128.49915
33.5,131.3011
32.333333333333336,132.64835
31.166666666666664,132.73376
29.999999999999996,131.7351
69.33333333333334,130.01208
108.66666666666669,160.04758
148.0,189.33846
88.0,218.43123
28.0,170.2069
29.999999999999996,121.65658
32.0,122.62803
94.0,124.15288
93.2,173.90298
92.4,173.56352
91.6,173.40509
90.8,172.40411
90.0,171.51462
233.0,170.75868
376.0,279.7226
387.3,383.15524
398.6,391.65204
409.9,398.93
421.19999999999993,405.26114
432.50000000000006,412.504
443.80000000000007,420.44095
455.1,428.8362
466.4,437.44003
477.69999999999993,446.0651
488.99999999999994,454.5897
153.0,462.95197
478.00000000000006,213.3162
107.0,456.89362
361.0,177.59969
615.0,380.33768
105.0,549.03503
334.0,177.51392
692.0,361.8617
824.3333333333334,594.84985
956.6666666666667,680.09155
1089.0,757.6091
572.5,827.703
56.0,502.33545
173.0,123.103745
290.0,231.9687
263.875,321.91342
237.75,309.73376
211.62500000000003,295.0922
185.5,276.28302
159.375,256.1347
133.25,235.17493
107.125,213.82928
81.0,192.33684
55.0,170.82574
1173.0,149.44225
59.99999999999999,818.60724
273.0,124.096886
320.0,318.47864
249.49999999999997,340.33615
179.0,292.46518
108.49999999999999,241.12648
38.0,187.96097
137.0,133.95015
527.0,213.91501
48.0,489.83746
44.0,135.45868
40.0,142.32045
36.0,133.95062
180.66666666666666,132.08629
325.3333333333333,245.1672
470.00000000000006,351.5988
488.1428571428571,452.90338
506.28571428571433,464.07748
524.4285714285714,474.35806
542.5714285714286,484.0835
560.7142857142857,495.0237
578.8571428571429,506.8569
597.0,519.2593
598.0,531.91095
599.0,533.2755
600.0,534.7589
508.8333333333333,536.08594
417.66666666666663,474.88785
326.5,413.18307
235.33333333333331,349.24606
144.16666666666663,284.13394
52.99999999999999,217.40341
391.5,148.73787
730.0,402.96906
42.0,623.9328
492.0,125.950226
35.0,468.8686
193.0,119.108376
351.0,257.5712
409.0,369.21436
476.85714285714295,412.65784
544.7142857142858,459.81232
612.5714285714286,503.86215
680.4285714285714,546.75024
748.2857142857143,588.6702
816.1428571428571,629.8117
884.0000000000001,670.2118
657.0,709.83923
405.0,565.7883
153.0,395.6452
230.99999999999997,210.64856
309.0,280.58444
387.0,341.2152
264.0,401.70398
141.0,312.66208
18.0,220.43488
229.33333333333334,122.470604
440.6666666666667,286.8703
652.0,436.31354
564.0,576.5662
476.0,517.67114
388.0,455.45428
546.0,390.07187
970.0,498.92783
935.7142857142857,754.46185
901.4285714285716,740.00885
867.1428571428572,722.0587
832.8571428571429,698.69305
798.5714285714286,677.16473
764.2857142857142,656.59424
730.0,636.657
838.0,616.89294
719.0,685.49725
600.0,610.9859
532.0,536.84357
464.0,492.74133
396.0,447.6597
328.0,402.24826
260.0,355.59256
192.0,307.59256
367.0,258.16415
62.0,388.53638
234.0,153.44304
406.0,293.17477
331.0,412.92358
256.0,359.49646
181.0,303.667
185.85714285714286,244.53992
190.71428571428572,247.78456
195.57142857142856,251.11499
200.42857142857142,255.42766
205.28571428571428,259.4244
210.14285714285714,263.11478
215.0,266.5592
68.0,269.85892
123.25,154.82088
178.5,200.10822
233.75,241.56105
289.0,284.0002
405.6666666666667,324.68665
522.3333333333334,407.3521
639.0,486.167
202.0,561.8354
145.0,246.07024
88.0,210.98303
31.0,165.15887
232.0,124.413086
420.0,283.68298
432.7,420.03168
445.40000000000003,430.71686
458.09999999999997,438.56393
470.8,444.26382
483.5,450.8061
496.19999999999993,458.19983
508.90000000000003,466.3201
521.6,474.93118
534.3,483.8131
547.0,492.79276
295.0,501.75027
43.0,321.41525
295.33333333333337,130.56943
547.6666666666667,329.91214
800.0,505.14523
717.0,667.54443
696.8571428571429,616.81525
676.7142857142857,602.775
656.5714285714286,585.6281
636.4285714285714,571.10455
616.2857142857143,557.72455
596.1428571428571,545.17505
576.0,533.0131
467.59999999999997,520.9379
359.2,447.72903
250.79999999999998,373.3173
142.39999999999998,295.7616
34.0,216.0783
121.0,133.82513
207.99999999999997,206.58067
295.0,273.18338
382.0,337.97473
469.00000000000006,398.77545
556.0,456.55948
1169.25,512.1475
1782.5,856.8656
2395.75,1128.7239
3009.0,1333.844
511.0,1479.0431
419.0,347.78705
47.0,405.0284
150.66666666666669,97.23505
254.33333333333337,220.71078
358.0,309.1444
216.49999999999997,396.12137
75.0,294.1548
76.0,186.55573
218.0,185.34207
360.0,289.41788
250.33333333333331,388.3348
140.66666666666666,304.43454
31.0,217.73106
63.0,127.296005
95.0,152.204
126.99999999999999,176.8322
159.0,202.6845
191.0,227.5782
223.0,251.60278
255.0,274.96045
287.0,297.90262
319.0,320.6126
280.8333333333333,343.2015
242.66666666666669,314.43375
204.5,286.0265
166.33333333333334,257.3523
128.16666666666669,229.11398
90.0,200.99223
131.5,172.69977
173.0,206.74469
494.0,239.15231
815.0,467.55127
44.0,670.3076
724.0,117.66168
322.0,601.7475
39.0,331.47482
380.0,127.15026
453.7142857142857,385.77432
527.4285714285714,438.58112
601.1428571428571,493.78442
674.8571428571429,541.9127
748.5714285714286,588.0156
822.2857142857142,632.4985
896.0,675.80896
779.0,718.1199
1539.0,645.3589
905.4999999999999,1023.783
272.0,702.056
439.5,286.2298
607.0,425.39502
677.6666666666666,538.7666
748.3333333333334,591.33
819.0,638.962
852.0,681.6953
884.9999999999999,699.63617
918.0,717.0932
642.5,734.1339
367.0,558.3612
374.1111111111111,370.82303
381.22222222222223,382.86154
388.3333333333333,389.97357
395.44444444444446,399.41354
402.55555555555554,406.79605
409.6666666666667,412.57825
416.77777777777777,417.1736
423.8888888888889,421.08447
431.0,424.71033
438.0,428.3284
677.0,432.02252
916.0,589.092
836.0,731.64325
467.0,684.5912
375.0,439.11255
283.0,379.33148
185.5,312.19775
88.0,243.72438
483.0,173.02492
878.0,464.21375
767.0,711.0677
230.99999999999997,649.86725
44.0,272.10373
183.0,133.72467
322.0,243.9528
303.25,348.78522
284.5,338.53833
265.75,326.49435
247.0,311.5624
228.25,296.53836
209.5,281.6193
190.75,266.91006
172.0,252.38503
87.0,237.98198
88.0,171.67586
164.25,173.6331
240.49999999999997,232.58485
316.75,290.08252
393.0,345.84885
330.0,399.23996
34.0,352.26566
68.5,121.89713
103.0,154.0072
957.0000000000001,180.5149
492.0,725.84265
27.000000000000004,457.7335
426.0,116.03705
32.0,416.08295
241.0,114.21769
351.0,291.00528
311.125,368.904
271.25,343.05466
231.375,314.13928
191.5,283.1658
151.625,252.4054
111.75,221.82162
71.875,191.29265
32.0,160.62807
94.6,129.65326
157.2,180.03072
219.79999999999998,228.16087
282.4,275.40155
345.0,320.6864
304.0,364.4886
372.0,332.85712
222.5,380.93066
73.0,268.47833
167.0,154.0994
261.0,229.73463
272.3333333333333,301.16016
283.6666666666667,311.79523
295.0,321.114
214.66666666666669,328.8239
134.33333333333334,267.9415
54.00000000000001,206.57533
161.28571428571428,143.64348
268.57142857142856,229.03328
375.8571428571429,309.6788
483.14285714285717,388.10278
590.4285714285714,462.0765
697.7142857142858,532.2888
805.0,599.3604
2561.0,663.76733
1732.6666666666665,1252.9904
904.3333333333333,1096.9281
76.0,703.4918
227.5,106.83817
379.0,267.37384
33.0,382.3271
204.0,126.31094
375.0,280.71375
546.0,403.4733
363.0,521.3525
180.0,390.6518
425.5,252.23991
671.0,427.4237
978.9999999999999,585.72815
489.99999999999994,767.821
875.0,454.63736
785.75,704.4008
696.5,646.7251
607.25,595.33057
518.0,536.4354
428.75,478.05328
339.5,418.81885
250.25,358.36478
161.0,296.19705
174.0,231.97531
441.00000000000006,245.77179
359.0,439.59445
29.0,381.2988
109.5,127.67525
190.0,195.48085
270.5,253.90323
351.0,314.90305
431.50000000000006,372.80527
512.0,428.1096
168.0,481.28806
262.1818181818182,225.89615
356.3636363636364,302.6428
450.54545454545456,368.55563
544.7272727272727,437.04944
638.909090909091,501.8353
733.0909090909091,563.3972
827.2727272727273,622.09064
921.4545454545455,678.3681
1015.6363636363639,732.55176
1109.818181818182,784.835
1204.0,835.3101
566.0,884.0061
531.5,487.95346
497.00000000000006,486.34674
592.5,461.55566
688.0,533.4808
534.5,598.21686
381.0,497.7342
491.0,393.27658
47.0,472.23196
232.5,132.68787
418.0,291.7496
269.0,421.71323
119.99999999999999,315.58597
567.0,203.72379
324.5,518.4591
82.0,349.30273
117.0,168.59279
152.0,196.61105
187.0,222.47585
222.0,250.8847
257.0,277.86185
292.0,303.58572
327.0,328.34515
362.0,352.50024
285.0,376.32803
207.99999999999997,318.73834
131.0,260.987
54.00000000000001,201.87793
202.0,142.61298
350.0,259.62292
299.5,368.62585
249.00000000000003,333.2703
198.5,295.9596
148.0,256.18533
97.5,216.93048
47.0,177.96681
872.0,139.01039
597.3333333333333,680.57074
322.66666666666663,531.82947
48.0,346.84915
242.5,130.96634
437.0,285.89795
370.1666666666667,425.53845
303.33333333333337,382.15546
236.5,335.89444
169.66666666666669,285.48575
102.83333333333337,234.92021
36.0,183.97015
159.0,132.42859
922.9999999999999,230.49342
1699.9999999999998,716.2437
412.0,1085.8059
329.0,373.74442
398.0,351.6439
467.0,390.3798
536.0,443.86575
281.5,495.66998
27.000000000000004,315.14255
32.333333333333336,122.97462
37.666666666666664,133.83205
43.0,139.52982
801.0,146.85004
783.2727272727273,652.09283
765.5454545454545,658.5539
747.8181818181819,650.6177
730.0909090909091,632.0105
712.3636363636364,616.4534
694.6363636363636,603.16595
676.9090909090909,591.7137
659.1818181818182,581.35297
641.4545454545455,571.5013
623.7272727272727,561.7414
606.0,551.81494
55.0,541.59247
550.0,129.125
448.5,505.6705
347.0,435.8213
232.0,372.53644
31.0,286.63788
283.0,129.68007
176.5,326.525
70.0,244.65251
696.0,165.25458
685.6,593.09717
675.2,595.28577
664.8,591.4897
654.4,579.238
644.0,569.35986
528.5,561.19574
413.0,483.58997
380.5,405.39474
348.0,385.48676
315.5,364.69308
283.0,344.2578
250.5,322.7611
218.0,300.25125
126.50000000000001,276.82312
35.0,206.8004
32.5,135.39563
29.999999999999996,134.43236
208.33333333333331,132.31644
386.6666666666667,270.06287
565.0,397.99548
545.0,518.41895
525.0,503.3029
505.0,487.0323
347.0,470.11124
381.0,356.50015
414.99999999999994,383.9558
365.0,408.58182
216.49999999999997,375.2197
68.0,267.1698
65.0,154.65634
569.0,156.3944
489.49999999999994,515.20776
410.0,467.906
330.5,415.92477
251.0,354.8165
171.5,294.37796
92.0,234.08176
419.75,173.61365
747.5,416.5487
1075.25,629.9615
1403.0,819.7606
332.0,983.0236
676.0,313.57166
738.0,581.29224
800.0,613.732
862.0,660.4358
923.9999999999999,699.3371
986.0,736.58496
600.0,771.87756
325.0,526.88446
50.0,341.2966
103.99999999999999,132.83955
80.0,188.72961
56.0,173.05597
32.0,160.28355
101.66666666666667,143.24333
171.33333333333334,198.19357
241.0,249.26813
310.6666666666667,298.78998
380.33333333333337,346.289
450.00000000000006,392.52682
378.0,438.00604
306.0,384.4014
234.0,331.02225
162.0,276.80484
229.5,223.18451
297.0,277.2521
341.0,328.65317
115.00000000000001,362.37314
280.5,190.84306
446.0,319.7965
1101.0,435.19672
790.0,819.6538
895.0,652.89484
1000.0,720.98785
55.0,774.09796
24.0,101.58165
147.0,115.64363
37.0,212.65114
38.857142857142854,133.19409
40.714285714285715,144.64041
42.57142857142857,148.17848
44.42857142857143,150.59338
46.285714285714285,150.87256
48.14285714285714,149.92155
50.0,148.44122
51.85714285714286,146.96417
53.714285714285715,145.82735
55.57142857142856,145.19684
57.42857142857144,145.1127
59.285714285714285,145.53676
61.142857142857146,146.38133
63.0,147.54266
96.66666666666666,148.91263
130.33333333333331,175.44902
164.0,201.60092
253.50000000000003,227.5763
343.0,294.64117
432.50000000000006,359.42056
522.0,422.33347
545.3333333333334,482.852
568.6666666666666,497.65378
592.0,512.54663
539.1666666666666,527.2675
486.33333333333337,491.59222
433.49999999999994,456.56613
380.66666666666663,420.99817
327.8333333333333,385.5741
275.0,349.83994
597.0,313.49057
577.3333333333334,537.914
557.6666666666666,525.61444
538.0,514.6865
284.5,498.91547
31.0,315.25134
114.5,121.2245
198.0,194.04958
281.5,259.27594
365.0,324.77454
139.0,385.78986
180.0,214.3638
221.00000000000003,248.01387
262.0,275.6974
303.0,306.18518
518.0,335.69962
159.0,484.47107
413.0,219.67667
362.57142857142856,411.75342
312.1428571428571,372.43808
261.7142857142857,339.11288
211.28571428571428,301.52124
160.85714285714283,264.38422
110.42857142857144,227.16042
59.99999999999999,189.63554
1579.0,151.54909
1000.0,956.5672
674.3333333333333,763.4518
348.66666666666663,588.5767
23.0,352.45782
119.99999999999999,103.57436
85.0,193.67038
50.0,169.39969
1065.0,149.99408
1334.6666666666667,782.2652
1604.3333333333335,950.8485
1874.0000000000002,1080.6636
880.0,1183.3152
610.3333333333333,672.08203
340.66666666666663,527.8139
71.0,335.081
31.0,141.21452
68.71428571428572,127.32765
106.42857142857143,167.34688
144.14285714285714,204.02513
181.85714285714286,236.30109
219.5714285714286,264.18906
257.2857142857143,289.20685
295.0,312.7448
289.0,335.84152
283.0,327.33408
277.0,319.88513
271.0,313.21478
239.25000000000003,307.71884
207.49999999999997,283.78876
175.75,260.46213
144.0,237.14296
200.5,213.90666
257.0,258.53726
605.0,301.2369
456.3333333333333,540.0035
307.6666666666667,441.0138
159.0,335.90298
200.0,221.31895
241.0,254.72932
27.000000000000004,286.36398
82.83333333333334,120.657555
138.66666666666669,170.94875
194.5,213.84468
250.33333333333331,257.9294
306.1666666666667,299.59348
362.0,339.40616
25.0,377.87714
79.5,115.78734
134.0,164.52597
162.0,204.86092
190.0,228.62257
218.0,251.10612
85.0,272.26425
58.0,168.53078
31.0,148.23874
189.0,125.957436
274.5,249.42471
360.0,313.20074
195.0,375.59842
29.999999999999996,251.50262
95.5,121.91922
161.0,174.69884
172.0,225.42174
196.42857142857142,235.80368
220.85714285714283,255.38802
245.28571428571425,273.52902
269.7142857142857,291.3198
294.1428571428571,308.78854
318.57142857142856,326.10242
343.0,343.35233
2018.0,360.5825
1641.5,1098.6309
1265.0,1071.4297
888.5,919.41034
512.0,697.2422
605.5,453.72745
699.0,530.81604
792.5,595.0775
885.9999999999999,660.1816
979.4999999999999,719.153
1073.0,773.365
811.75,823.83026
550.5,667.0708
289.25,499.34726
28.0,314.61932
128.33333333333331,117.59032
228.66666666666669,209.76588
329.0,288.8649
396.5,366.44592
464.0,414.59998
531.5,459.23996
599.0,501.28613
666.5,542.20294
734.0,582.53253
346.0,622.5052
252.5,352.33554
159.0,291.4909
679.0,220.3475
547.5,582.52924
415.99999999999994,502.40338
358.0,418.01294
289.3333333333333,375.00052
220.66666666666663,324.20514
152.0,274.07254
361.0,223.20972
570.0,379.792
771.0,522.0819
414.00000000000006,649.8977
337.0,408.80463
523.0,357.81146
46.0,484.7162
147.75,123.71826
249.49999999999997,220.3918
351.25,295.3333
452.99999999999994,373.2403
554.75,445.67892
656.5,513.6271
758.25,577.8917
860.0,639.29126
506.50000000000006,698.3665
153.0,464.81033
910.0,207.64542
35.0,706.8753
299.0,97.02244
563.0,338.54938
603.0,514.14014
643.0,546.0845
728.0,573.33765
883.5000000000001,624.62
1039.0,715.6113
1264.0,801.4471
1489.0,916.9215
861.0,1021.86566
233.0,676.50806
1247.0,250.55417
68.0,867.12396
81.28571428571429,100.31457
94.57142857142857,179.0287
107.85714285714288,181.90279
121.14285714285714,202.08539
134.42857142857144,216.89236
147.71428571428572,228.20023
161.0,236.63661
561.5,243.39737
961.9999999999999,518.8783
171.0,757.296
660.0,218.9142
1149.0,570.96136
973.0,844.2618
797.0,758.86786
621.0,656.2065
602.0,540.6843
583.0,531.2813
564.0,520.7182
545.0,511.9406
526.0,502.15836
636.5,491.42828
747.0,566.1315
590.5,635.42676
433.99999999999994,532.935
615.2857142857142,426.65106
796.5714285714286,550.2325
977.8571428571428,662.4124
1159.142857142857,769.1421
1340.4285714285713,866.5127
1521.7142857142858,955.7629
1703.0,1037.8207
1000.0,1113.4446
1004.5,750.69586
1009.0,773.85583
562.5,772.54645
116.0,491.6598
563.0,175.44
623.6666666666666,516.6742
684.3333333333334,558.1516
745.0,605.6541
703.375,642.15186
661.75,612.82275
620.125,583.6204
578.5,553.80896
536.875,524.9419
495.25,496.70804
453.625,468.82718
412.0,440.99332
353.3333333333333,412.96268
294.6666666666667,372.17722
236.0,330.82855
177.33333333333334,288.47922
118.66666666666669,245.289
59.99999999999999,201.16075
207.66666666666666,156.02818
355.3333333333333,270.91595
503.0,377.59088
337.0,479.4368
310.0,360.118
131.0,339.86542
360.0,200.04161
424.99999999999994,372.76987
236.0,418.10358
116.0,281.88223
160.5,191.95747
205.0,227.53448
249.49999999999997,262.0593
294.0,297.0357
23.0,330.22302
30.799999999999997,118.473885
38.6,129.1621
46.4,133.73729
54.2,141.49573
62.0,148.35092
69.8,154.43825
77.6,159.92668
85.4,165.0801
93.2,170.12352
101.0,175.21802
75.0,180.4669
85.0,159.3454
432.00000000000006,167.02505
17.0,419.3084
459.0,105.933876
415.49999999999994,437.22833
372.0,407.7412
328.5,380.85458
285.0,347.53558
348.3333333333333,315.4643
411.6666666666667,362.76294
475.0,408.49622
480.99999999999994,453.73465
564.0,458.0638
396.0,514.2004
228.0,395.88483
244.57142857142858,274.2766
261.14285714285717,289.43256
277.7142857142857,302.84723
294.2857142857143,317.68024
310.8571428571429,331.18213
327.42857142857144,343.5889
344.0,355.18237
1403.0,366.29507
1254.8,939.2914
1106.6,908.5352
958.4000000000001,839.55707
810.2,748.2074
662.0,657.5071
357.0,564.927
51.99999999999999,355.82016
207.99999999999997,131.1966
364.0,268.2369
475.0,385.3226
586.0,467.47833
417.0,542.17175
248.0,422.90802
79.0,298.3059
263.66666666666663,165.68466
448.33333333333337,308.81702
633.0,439.25455
532.8333333333334,563.51385
432.66666666666663,496.3468
332.5,426.10623
232.33333333333334,351.91162
132.16666666666663,277.76694
32.0,202.9216
505.33333333333337,126.767845
978.6666666666666,473.31134
1452.0,761.7827
938.0000000000001,1002.3685
200.0,737.25995
349.5,228.74826
498.99999999999994,359.39505
516.0,462.64926
364.0,481.40945
476.59999999999997,378.29608
589.2,462.11346
701.8,536.237
814.4,608.8185
927.0,676.6831
476.5,740.8118
25.999999999999996,443.87723
31.5,107.17779
37.0,124.91899
123.3,132.42285
209.60000000000002,207.79211
295.9,276.5965
382.2,341.08844
468.50000000000006,401.07382
554.8,457.84943
641.1,512.4497
727.4,565.5761
813.6999999999999,617.571
900.0000000000001,668.5233
840.0,718.3658
780.0,681.2293
720.0,644.69995
660.0,607.1638
600.0,570.2577
540.0,533.28625
505.0,495.8463
675.0,474.99316
845.0000000000001,589.55255
177.0,693.91437
148.66666666666666,222.69894
120.33333333333334,223.76044
92.0,198.56241
331.0,181.74184
353.42857142857144,363.8886
375.85714285714283,379.88046
398.2857142857143,396.3124
420.7142857142857,408.75006
443.14285714285717,421.35916
465.57142857142856,434.43274
488.00000000000006,448.12225
504.0,462.35226
520.0,472.59232
536.0,483.20035
552.0,493.9589
568.0,504.82782
561.75,515.70355
555.5,511.63483
549.25,507.80527
543.0,503.8656
229.0,500.06497
817.0,271.8523
638.5,666.5724
460.00000000000006,558.9539
245.5,446.00604
31.0,287.94092
719.0,123.1361
278.0,603.30237
252.0,308.37344
225.99999999999997,305.89438
200.0,281.11218
174.0,262.44366
148.0,243.06195
122.00000000000001,223.37051
346.5,203.24817
571.0,369.5091
795.5,521.5659
1020.0,662.51904
659.0,790.1678
472.66666666666663,567.22076
286.3333333333333,444.32855
100.0,308.11542
96.0,169.95999
739.0,175.7677
696.25,616.84875
653.5,602.4172
610.75,580.9036
568.0,548.2562
299.0,517.0636
29.999999999999996,323.49313
342.0,118.54007
311.375,362.5149
280.75,340.90735
250.125,324.3441
219.5,301.2445
188.875,277.75104
158.25,253.9346
127.625,230.03041
97.0,206.06169
658.5,182.01332
1220.0,568.6196
941.7499999999999,883.15063
663.5,745.56757
385.25,573.60614
107.0,377.21246
427.0,169.06088
421.0,416.1155
528.0,414.4763
635.0,495.87067
533.5,566.1388
432.00000000000006,497.64682
330.5,427.2999
229.0,353.3119
52.99999999999999,278.63834
91.5,142.94777
130.0,179.0646
168.5,210.05502
207.00000000000003,241.6698
245.5,270.9365
284.0,298.4687
322.5,324.86963
361.0,350.687
491.5,376.29346
622.0,465.3924
316.0,550.4955
209.0,334.60034
102.0,259.18756
103.0,175.8611
60.5,181.26227
18.0,150.48769
255.0,120.187996
306.0,303.77396
357.0,341.24298
346.0,378.38593
335.0,367.51248
227.6666666666667,357.09955
120.33333333333334,275.17468
12.999999999999998,192.7218
28.5,108.23798
44.0,123.80223
59.5,137.98795
75.0,152.48946
90.5,165.54788
105.99999999999999,177.45576
121.5,188.59207
137.0,199.33534
494.0,209.97644
442.24999999999994,463.19244
390.5,429.6424
338.75,393.9492
287.0,353.81937
272.0,315.24734
97.0,305.20587
617.0,171.60277
639.6666666666666,540.61035
662.3333333333334,561.3503
685.0,580.62036
662.0,592.09296
639.0,575.19104
616.0,559.36456
593.0,544.0696
570.0,529.574
547.0,515.46686
524.0,501.45386
468.7142857142858,487.31448
413.4285714285714,450.46042
358.1428571428571,413.283
302.8571428571429,375.10895
247.57142857142856,336.32205
192.28571428571428,296.78992
137.0,256.42538
103.66666666666666,215.16232
70.33333333333333,190.32188
37.0,164.58665
44.0,138.38464
31.0,143.93219
30.75,132.69514
30.500000000000004,131.75513
30.25,130.24696
29.999999999999996,128.75903
40.0,127.27299
50.0,134.09506
62.0,141.02083
74.0,149.74054
562.0,158.5404
257.0,502.23715
338.375,292.81842
419.75,357.28952
501.125,410.40094
582.5,467.0786
663.875,521.8022
745.25,574.7533
826.6250000000001,625.8882
908.0,675.3085
159.0,723.101
120.66666666666666,194.55222
82.33333333333333,192.63657
44.0,161.97888
431.0,140.3347
22.0,431.03677
124.50000000000001,121.992455
227.0,214.85739
87.0,286.6459
71.33333333333333,177.79181
55.66666666666668,165.71042
40.0,150.3936
182.0,136.99579
324.0,246.27802
466.0,349.8044
366.0,449.01788
71.0,377.15723
136.42857142857144,150.15059
201.85714285714286,204.74228
267.2857142857143,253.87631
332.7142857142857,305.7216
398.14285714285717,355.04068
463.5714285714285,402.05942
529.0,447.11197
1000.0,490.6349
838.0,771.26227
676.0,681.0866
514.0,582.0614
352.0,471.18637
109.0,358.25906
199.0,177.1108
289.0,257.53873
455.0,327.21652
466.6000000000001,448.91388
478.2,457.35843
489.8,464.7544
501.3999999999999,469.6748
513.0,475.09137
323.0,481.1385
133.0,344.19443
112.99999999999999,202.23495
93.0,190.48172
93.33333333333333,176.84106
93.66666666666667,180.6142
94.0,182.73387
94.33333333333333,183.69957
94.66666666666667,183.5287
95.0,182.64836
86.16666666666667,181.43623
77.33333333333333,172.98837
68.5,164.72523
59.66666666666667,156.65598
50.83333333333333,148.90906
42.0,141.43417
262.0,134.15732
482.0,301.454
691.0,456.36765
936.0,593.6777
955.0,739.143
817.3333333333334,749.8665
679.6666666666667,665.84845
542.0,577.48364
1004.0,486.50812
557.0,770.01044
110.0,491.1018
102.28571428571429,174.33127
94.57142857142857,181.98245
86.85714285714286,179.3314
79.14285714285714,180.35269
71.42857142857143,178.1853
63.714285714285715,173.34401
56.0,166.44673
64.66666666666667,158.2902
73.33333333333333,162.54836
82.0,166.5884
135.6,170.92036
189.2,210.4243
242.79999999999998,249.42882
296.4,288.2893
350.0,326.5142
384.0,364.2092
418.0,387.591
316.3333333333333,411.0193
214.66666666666669,337.13187
112.99999999999999,262.41107
456.0,185.26704
215.0,437.69244
118.5,263.66708
22.0,196.79105
85.0,119.22942
107.66666666666667,171.98712
130.33333333333334,190.27158
153.0,209.25357
175.66666666666669,226.36972
198.33333333333334,242.6231
221.00000000000003,258.39032
253.99999999999997,273.9961
294.5,297.32687
335.0,326.09085
423.00000000000006,354.72473
511.0,416.58145
599.0,476.43808
508.8333333333333,534.6547
418.6666666666667,473.00797
328.5,410.60745
238.3333333333333,345.91922
148.16666666666663,281.0495
58.0,215.27455
489.99999999999994,148.05171
64.0,464.92215
48.666666666666664,148.76744
33.33333333333333,149.19571
18.0,132.8214
82.66666666666667,121.76074
147.33333333333334,173.54736
211.99999999999997,222.93622
276.6666666666667,271.04425
341.33333333333337,317.2415
406.0,362.06104
470.66666666666674,405.91754
535.3333333333334,449.07605
600.0,491.64767
443.33333333333337,533.6308
286.6666666666667,425.33548
130.0,313.6648
957.0000000000001,195.98564
539.0,729.0831
373.0,486.57004
411.5,385.90213
450.00000000000006,410.37762
2380.0,437.24078
495.0,1173.5071
505.6666666666667,403.82562
516.3333333333334,490.4833
527.0,473.9998
675.0,489.36798
357.0,591.05475
416.66666666666663,371.0583
476.33333333333337,424.78897
536.0,463.24435
595.6666666666666,504.51962
655.3333333333333,543.0495
715.0,579.8348
774.6666666666666,615.37366
834.3333333333333,650.12103
894.0,684.3289
1429.5,718.09595
1965.0,987.4411
1695.7142857142856,1202.5347
1426.4285714285716,1110.2532
1157.142857142857,990.1514
887.8571428571429,847.75476
618.5714285714287,695.77106
349.2857142857142,530.97546
80.0,352.38998
232.66666666666666,158.51483
385.3333333333333,293.8495
538.0,407.47333
374.0,515.6667
210.0,399.7244
46.0,277.7664
633.0,146.54561
532.5,557.4207
432.00000000000006,496.44635
331.5,431.15015
230.99999999999997,354.73132
130.5,278.75046
29.999999999999996,202.30238
1159.0,124.94347
664.5,812.7063
170.0,569.3903
983.0,230.02286
631.0,746.8735
540.3333333333334,545.3027
449.66666666666663,500.05713
359.0,433.27954
29.999999999999996,370.89694
28.0,117.972755
553.0,128.56694
299.5,506.16904
46.0,334.17596
284.0,145.71814
522.0,327.1541
760.0,489.83826
724.375,642.57855
688.75,620.00256
653.125,595.0574
617.5,568.29816
581.875,543.6113
546.25,520.2736
510.625,497.7488
475.0,475.4893
599.0,453.0938
152.0,538.9012
871.0,210.65762
159.0,694.3085
373.0,206.67046
410.4,393.59152
447.8,412.1985
485.20000000000005,442.15256
522.6,467.3413
560.0,491.69165
569.5,515.2687
579.0,519.9552
1192.0,525.0164
600.0,870.0586
158.0,520.54114
142.0,213.11061
189.125,208.65558
236.25,248.038
283.375,289.5647
330.5,328.30255
377.625,363.66388
424.74999999999994,396.3982
471.87499999999994,427.40698
519.0,457.445
244.00000000000003,487.0277
327.0,285.42145
410.0,351.00006
493.0,408.0212
576.0,467.19052
659.0,523.3266
742.0,576.87256
825.0,628.15674
908.0,677.5648
336.0,725.36646
748.0,336.13275
904.9999999999999,626.8633
1062.0,719.78485
50.0,813.91046
502.0,100.79233
401.0,473.3626
22.0,397.24768
374.0,116.8199
375.7142857142857,393.73416
377.42857142857144,393.12146
379.14285714285717,398.87372
380.85714285714283,397.70428
382.57142857142856,396.449
384.2857142857143,395.34064
386.0,394.71585
1239.0,394.60834
673.0,878.62976
107.0,570.783
475.0,171.20477
442.00000000000006,449.76297
409.0,425.59778
376.0,410.8739
25.0,388.62558
426.0,117.78527
418.5,424.804
411.0,418.87918
429.33333333333337,418.04312
447.6666666666667,428.54062
466.0,439.17545
19.0,450.28134
335.0,106.54658
21.0,357.57364
135.57142857142856,111.650276
250.1428571428571,214.3995
364.7142857142857,298.82846
479.28571428571433,383.57556
593.8571428571429,462.7717
708.4285714285714,537.432
823.0,608.33716
29.999999999999996,676.15625
838.0,95.92718
124.0,661.28546
83.0,170.25969
42.0,171.3444
884.0000000000001,135.2226
262.0,692.8273
270.0,294.85526
149.0,321.89053
28.0,220.7146
485.0,127.522896
432.8333333333333,461.701
380.6666666666667,428.70078
328.5,395.16852
276.33333333333337,354.06967
224.16666666666669,313.95346
172.0,274.4673
192.33333333333334,235.39198
212.66666666666666,252.44272
233.0,268.60367
253.33333333333331,284.80652
273.66666666666663,300.09106
294.0,314.6984
530.0,328.8707
1100.0,492.1343
886.3333333333335,821.762
672.6666666666667,711.01636
459.0,580.17096
618.0,431.67453
669.0,542.7869
353.0,576.24133
37.0,359.6494
447.0,123.51881
1470.0,436.4797
783.0,974.87616
96.0,641.031
43.0,164.01547
469.00000000000006,134.94156
461.44444444444446,448.16833
453.8888888888889,448.231
446.3333333333333,449.57016
438.7777777777777,442.6396
431.22222222222223,435.56876
423.6666666666667,428.56958
416.1111111111111,421.9768
408.55555555555554,415.80838
401.0,410.00998
227.0,404.49026
52.99999999999999,275.80283
375.0,142.79059
697.0,386.78375
562.0,599.7709
427.0,516.0736
292.0,423.62897
376.5,322.95712
460.99999999999994,385.28247
487.00000000000006,444.1736
513.0,463.50403
539.0,481.8267
553.5,498.82587
568.0,507.83582
582.5,516.9345
597.0,526.0602
656.0,535.3429
41.0,573.7146
161.66666666666669,114.26859
282.33333333333337,231.29243
403.0,319.25516
523.6666666666667,410.81918
644.3333333333334,495.15924
765.0,573.50226
221.00000000000003,646.8639
1834.0,260.3983
676.0,1045.7999
830.9999999999999,541.7496
599.0,688.8487
367.0,523.6546
135.0,371.3809
412.0,201.16751
674.3333333333333,416.47232
936.6666666666665,591.54785
1199.0,751.9635
1461.3333333333333,892.20404
1723.6666666666665,1015.5606
1986.0000000000002,1124.5096
236.0,1220.9329
18.0,188.56407
53.5,102.912636
89.0,132.03886
84.42857142857143,176.23108
79.85714285714286,185.3308
75.28571428571429,189.28868
70.71428571428572,187.41486
66.14285714285714,181.9267
61.57142857142857,174.35144
57.0,165.9532
98.2,157.60237
139.4,185.86034
180.60000000000002,214.28954
221.8,243.33444
263.0,272.4156
375.0,301.55396
488.50000000000006,381.45905
602.0,459.5743
715.5,535.0695
828.9999999999999,607.1444
447.5,676.0127
66.0,421.02228
142.75,137.19875
219.5,208.50894
296.25,269.63263
373.0,332.64838
326.0,390.7767
279.0,356.93665
232.0,321.96216
185.0,285.17007
138.0,248.63417
91.0,212.2691
44.0,175.91818
195.5,139.35378
347.0,257.54077
1003.0,368.0336
781.6666666666666,766.7458
560.3333333333333,650.44446
339.0,509.41492
32.0,348.40778
60.5,111.36816
89.0,144.97955
117.50000000000001,171.20964
146.0,199.61574
236.75,224.83893
327.5,294.16455
418.25,359.17072
508.99999999999994,421.46234
514.0909090909091,481.02087
519.1818181818181,481.60156
524.2727272727273,482.76422
529.3636363636364,484.20068
534.4545454545455,486.89203
539.5454545454545,490.43756
544.6363636363636,494.49484
549.7272727272727,498.76776
554.8181818181819,503.05334
559.9090909090909,507.23074
565.0,511.2493
381.33333333333337,515.0961
197.66666666666669,386.50287
14.0,253.14449
307.0,111.248314
232.0,340.97064
157.0,285.7838
82.0,233.56975
195.5,174.1155
309.0,261.39972
22.0,343.47757
257.0,120.06337
22.0,303.7429
141.5,116.89005
261.0,215.96802
198.0,303.15884
135.0,256.53906
146.33333333333334,208.30394
157.66666666666666,216.12997
169.0,224.23524
180.33333333333334,233.25044
191.66666666666669,242.07535
203.0,250.70052
108.49999999999999,259.15582
14.0,185.80466
21.0,111.33221
28.0,117.996346
35.0,124.20676
144.0,131.07112
253.00000000000003,216.71877
267.6,298.21207
282.2,308.53784
296.8,317.91077
311.4,326.58453
326.0,336.00278
250.0,346.06015
174.0,289.6913
98.0,233.20534
22.0,175.39719
25.0,117.10719
28.0,122.502914
43.166666666666664,126.65182
58.33333333333332,140.36627
73.5,152.73141
88.66666666666666,164.19942
103.83333333333333,174.97691
119.0,185.42572
126.99999999999999,195.81929
135.0,200.78172
165.0,206.02917
421.0,228.43666
677.0,413.20926
581.0,582.41254
485.0,522.001
883.0000000000001,456.33408
526.0,702.97235
511.0,474.14142
496.0,474.1862
676.5,461.61237
857.0,583.9842
51.99999999999999,695.7295
1803.0000000000002,115.10108
1104.0,1010.1631
405.0,802.6517
396.42857142857144,394.20255
387.85714285714283,397.9088
379.2857142857143,390.69016
370.7142857142857,391.32718
362.14285714285717,389.62354
353.57142857142856,385.9006
345.0,380.34845
448.0,373.56015
349.0,445.09155
250.0,371.8921
151.0,298.94174
128.0,222.341
105.0,205.37921
229.5,187.9535
354.0,284.31613
524.3333333333334,374.71527
694.6666666666667,491.95444
865.0000000000001,600.803
751.0,702.36896
637.0,630.43396
523.0,555.9835
457.0,477.97067
314.66666666666663,434.2657
172.33333333333331,334.22885
29.999999999999996,232.28564
31.375,125.2881
32.75,133.19118
34.125,137.1966
35.5,140.86131
36.875,142.31505
38.25,142.19225
39.625,141.13336
41.0,139.71637
46.0,138.34966
532.0,140.1751
287.0,484.64865
1087.0,317.4957
590.0,799.372
433.99999999999994,516.0338
400.0,420.69522
366.0,391.89313
432.99999999999994,369.58902
931.0,421.30298
875.0,732.3863
667.5,706.5119
460.00000000000006,580.0511
414.00000000000006,438.27515
459.33333333333326,408.4511
504.6666666666667,442.1547
550.0,475.75732
595.3333333333334,508.4324
640.6666666666667,539.0777
686.0,568.1401
731.3333333333334,596.07495
776.6666666666667,623.2699
822.0,649.9855
798.0,676.36597
774.0,660.45074
721.75,645.362
669.5,612.1816
617.25,579.58655
565.0,546.73364
986.0,513.73065
639.5,769.77594
293.0,556.3232
50.0,321.06586
140.0,136.80862
230.00000000000003,216.66862
967.0,287.37717
667.5,751.20294
368.0,584.9268
439.0,385.09033
441.00000000000006,433.07648
442.99999999999994,430.53326
445.0,433.29465
447.0,435.06116
449.0,436.82715
451.00000000000006,438.40836
452.99999999999994,439.84695
755.0,441.18158
1057.0,636.596
68.0,809.28156
288.5,121.65178
508.99999999999994,325.79553
328.0,473.5287
834.5,350.61264
1341.0,683.26196
853.0,948.9302
706.0,688.8108
559.0,605.2342
530.75,502.25174
502.5,486.76605
474.25,469.78827
446.0,454.08914
694.0,437.28442
614.5,603.0218
535.0,550.62396
455.5,499.5598
376.0,443.1063
296.5,386.70035
216.99999999999997,329.797
137.5,272.15295
58.0,213.3854
279.0,153.17241
500.0,323.63962
721.0,477.72546
325.0,620.79
271.5,346.6766
218.0,311.8111
40.0,267.2542
12.0,129.0817
241.0,111.89103
349.0,290.4585
457.0,370.77267
396.3333333333333,448.03537
335.6666666666667,403.5344
275.0,358.10846
214.33333333333334,311.2508
153.66666666666669,265.29807
93.0,219.777
115.63636363636365,174.21207
138.27272727272728,194.34892
160.9090909090909,213.08334
183.54545454545456,231.60324
206.1818181818182,248.89377
228.8181818181818,265.30338
251.45454545454547,281.17734
274.0909090909091,296.81223
296.72727272727275,312.42004
319.3636363636364,328.10672
342.0,343.90817
280.0,359.79633
342.0,313.90387
297.8,359.97433
253.6,327.01602
209.39999999999998,295.70575
165.2,263.05435
121.0,230.45584
224.0,197.61874
327.0,277.81946
221.00000000000003,353.49686
23.0,275.0047
33.0,119.86766
148.375,129.59004
263.75,219.2944
379.125,306.82922
494.5,390.55478
609.875,469.5016
725.25,544.3752
840.625,615.8263
956.0000000000001,684.31036
1210.5,750.0692
1465.0,885.1484
1315.0,1007.1998
1165.0,936.35724
1014.9999999999999,859.331
865.0000000000001,775.09094
84.0,689.20135
306.0,125.794106
327.0,337.71112
348.0,351.4973
51.99999999999999,378.0694
485.5,152.32716
919.0000000000001,476.03275
862.0,738.93854
805.0,711.19385
676.6666666666666,674.3595
548.3333333333333,586.4465
420.0,498.8663
385.7142857142857,409.71317
351.42857142857144,388.69238
317.1428571428571,366.77243
282.8571428571429,345.44623
248.57142857142856,322.96472
214.28571428571428,299.3449
180.0,274.6773
590.0,249.14252
685.0,534.3311
780.0,596.78186
591.0,656.4636
402.0,530.2764
278.6666666666667,398.49173
155.33333333333334,308.65854
32.0,217.30507
65.83333333333334,124.65807
99.66666666666667,158.04686
133.5,187.40286
167.33333333333334,216.14754
201.16666666666669,242.29709
235.00000000000003,266.5725
102.0,289.70013
512.0,184.69579
25.0,476.96823
155.57142857142858,111.487686
286.14285714285717,225.1491
416.7142857142858,318.0743
547.2857142857143,413.52634
677.8571428571429,503.03134
808.4285714285716,587.23206
939.0000000000001,666.65094
599.0,741.8784
550.0,525.08954
474.3333333333333,498.24854
398.66666666666663,444.8854
323.0,395.8465
342.5,345.24075
362.0,364.0261
393.0,380.2286
423.99999999999994,404.1231
473.0,426.11313
546.0,459.35873
619.0,507.3193
470.99999999999994,553.6573
323.0,451.09543
940.9999999999999,345.69894
618.0,734.42737
723.0,541.0538
618.6666666666666,619.1746
514.3333333333334,545.7455
410.0,478.00943
305.6666666666667,405.99292
201.33333333333337,333.09036
97.0,258.3666
857.0,181.38704
921.9999999999999,684.52167
736.6666666666666,737.9544
551.3333333333333,630.98486
366.0,505.37473
563.0,372.77094
760.0,511.80103
957.0000000000001,637.1923
89.0,755.87555
94.0,142.28922
132.0,179.16435
170.0,205.06937
139.0,240.99207
108.00000000000001,220.72278
77.0,198.6846
591.0,173.9949
103.99999999999999,533.1464
29.999999999999996,181.73654
248.42857142857142,132.46533
466.85714285714283,294.36252
685.2857142857142,448.6219
903.7142857142858,592.8862
1122.142857142857,723.9873
1340.5714285714284,843.10925
1559.0,951.4826
1247.0,1050.1227
935.0,897.91095
870.0,725.9914
602.0,691.0508
334.0,520.28784
377.0,342.22504
282.6666666666667,386.93307
188.33333333333334,321.45963
94.0,258.43497
567.0,189.109
48.0,526.46094
44.0,141.60252
1000.0,153.20445
1000.0,750.79987
766.5,780.6493
533.0,648.2938
639.7777777777778,489.0529
746.5555555555555,559.19226
853.3333333333333,625.16455
960.1111111111112,692.191
1066.888888888889,755.25244
1173.6666666666665,814.75543
1280.4444444444443,871.01154
1387.2222222222222,924.4306
1494.0,975.31775
112.0,1023.87726
32.0,114.330666
78.0,122.959694
457.0,159.1208
461.99999999999994,450.2447
205.0,459.87064
192.5,276.67267
180.0,270.14612
167.5,256.10892
155.0,244.97234
403.0,233.39676
88.0,411.9533
976.0000000000001,171.94527
902.9230769230769,738.7569
829.8461538461538,720.4228
756.7692307692307,683.7047
683.6923076923076,632.3119
610.6153846153845,583.62683
537.5384615384615,536.09064
464.46153846153845,489.20856
391.38461538461536,442.12445
318.30769230769226,394.20514
245.23076923076917,344.9951
172.15384615384608,294.20416
99.0769230769231,241.66527
25.999999999999996,187.279
22.0,131.06511
116.33333333333333,129.50735
210.66666666666669,203.79958
305.0,274.54233
50.0,342.57565
279.66666666666663,143.39642
509.3333333333333,318.7551
739.0,475.6108
293.0,624.22565
338.0,315.4326
383.0,355.6021
251.5,383.90967
119.99999999999999,289.39157
58.0,192.36215
144.5,146.92784
230.99999999999997,217.96805
317.5,285.08575
404.0,349.91397
490.5,410.87354
577.0,468.79138
826.5000000000001,524.4082
1076.0,677.5605
1097.5,817.1241
1119.0,829.3495
963.0,839.59186
807.0,748.71625
651.0,656.03436
495.0,558.4528
497.83333333333326,457.80704
500.66666666666663,467.24533
503.5,472.9294
506.33333333333326,478.85852
509.16666666666674,482.73294
512.0,485.13168
349.33333333333337,486.55225
186.66666666666669,369.97586
24.0,249.86087
503.0,123.01051
455.0,474.76886
407.0,444.9548
359.0,415.6117
311.0,377.94693
263.0,341.13342
215.0,304.86615
1000.0,269.0515
714.3333333333333,758.2041
428.6666666666667,605.802
143.0,421.01666
132.6,204.37561
122.2,202.62317
111.80000000000001,196.83707
101.4,193.84421
91.0,188.98297
251.33333333333334,182.38246
411.6666666666667,304.22137
572.0,417.3926
1978.0,524.53687
1414.0,1129.3275
849.9999999999999,975.66077
286.0,682.8667
263.5,287.73535
241.0,290.07623
218.5,278.0888
196.0,272.2161
173.5,262.73257
151.0,250.00436
128.5,234.41586
105.99999999999999,216.76442
83.5,197.81221
61.00000000000001,178.20062
748.5,158.34013
1436.0,619.6095
1102.75,978.62683
769.5,834.0929
436.25,638.3523
103.0,408.4867
35.0,160.55621
40.0,119.83809
52.99999999999999,132.28159
52.2,151.10303
51.4,155.99272
50.6,157.68405
49.8,156.56491
49.0,153.81833
56.0,150.29375
126.0,152.8358
196.0,204.74251
266.0,255.6903
336.0,306.11795
406.0,355.3667
476.0,403.61862
546.0,450.9835
546.0,497.50128
546.0,496.80188
351.0,496.71347
156.0,358.63956
383.0,215.1784
679.0,388.12964
1135.0,585.99396
1591.0,847.3091
1038.0,1062.9341
485.0,789.08276
600.0,440.3945
119.99999999999999,528.98016
188.33333333333331,170.24379
256.66666666666663,250.17696
325.0,303.60736
377.0,360.3535
340.625,399.8547
304.25,372.9726
267.875,344.8351
231.5,315.3329
195.125,286.19397
158.75,257.47247
122.37499999999999,229.09184
86.0,200.8775
276.0,172.64607
3057.0,316.8691
2300.25,1138.1985
1543.5,1262.0077
786.75,1053.2526
29.999999999999996,617.65405
185.0,72.522
340.0,237.34465
407.0,358.38965
474.0,419.48242
507.99999999999994,472.6002
539.5,495.8242
571.0,514.31934
1509.0,531.00494
48.0,1005.004
44.5,93.15625
41.0,146.13852
42.142857142857146,130.12704
43.285714285714285,139.98802
44.42857142857143,146.69545
45.57142857142857,150.99484
46.714285714285715,152.60587
47.857142857142854,152.24745
49.0,150.71315
209.0,148.70064
180.33333333333334,268.6596
151.66666666666666,244.49359
123.0,221.09502
612.0,196.29187
1004.0,534.7615
744.0,770.85785
484.0,623.7147
224.0,451.21307
672.0,259.25552
554.25,572.5236
436.5,498.73132
318.75,426.24057
201.0,342.44846
379.0,256.96176
271.0,391.63504
163.0,312.46393
63.0,234.71686
87.5,156.81244
112.0,177.81754
136.5,196.8738
161.0,216.23293
185.5,234.31253
210.0,251.52394
220.8,268.2594
231.6,274.58884
242.4,281.19174
253.2,288.05502
264.0,295.34854
226.66666666666666,303.0032
189.33333333333331,274.90253
152.0,247.0998
87.5,218.9732
23.0,169.52422
223.5,119.688866
423.99999999999994,276.08295
239.50000000000003,420.1451
55.0,287.18082
38.0,144.55211
28.0,130.8034
18.0,122.633224
630.0,116.51358
745.8571428571429,545.5333
861.7142857142857,629.468
977.5714285714287,702.5965
1093.4285714285716,765.08655
1209.2857142857142,825.72314
1325.142857142857,884.5083
1441.0,941.392
1129.6666666666667,996.07697
818.3333333333334,834.938
507.00000000000006,657.15216
267.0,456.05392
27.000000000000004,293.1785
175.5,116.51042
324.0,249.5385
480.99999999999994,362.87827
578.2,476.4262
675.4,540.46405
772.6,599.6341
869.8000000000001,655.0503
967.0,708.72504
750.3333333333334,761.1513
533.6666666666667,626.4137
317.0,484.73312
28.0,331.94516
191.5,112.30811
355.0,253.95445
518.5,376.3751
682.0,493.90317
845.5000000000001,600.57745
1009.0,698.2446
700.5,788.5405
392.0,597.0127
473.0,386.9079
554.0,448.33618
635.0,503.5678
460.66666666666663,560.71875
286.3333333333333,443.2839
112.0,321.04373
468.0,189.70372
921.3333333333333,453.5429
1374.6666666666665,733.0521
1828.0,969.41766
1233.6666666666665,1160.8341
639.3333333333333,892.04285
45.0,539.6363
360.0,99.730484
1156.0,367.629
1116.2857142857142,839.9159
1076.5714285714287,843.62976
1036.857142857143,830.97174
997.1428571428572,803.59454
957.4285714285716,777.8955
917.7142857142857,753.15643
878.0,729.4775
739.0,706.4022
600.0,621.1727
599.5,533.9533
599.0,537.79425
426.0,539.13464
314.0,421.5606
527.0,345.63855
603.6666666666666,497.33075
680.3333333333334,547.236
757.0,597.7196
1444.0,643.4369
543.0,990.96204
929.0,471.21982
756.5,738.3284
584.0,625.5309
632.0,522.39923
680.0,557.1157
642.0,589.07056
605.1666666666666,566.486
568.3333333333334,544.10815
531.5,520.01495
494.6666666666666,495.64816
457.83333333333337,470.98672
421.0,446.06607
513.0,420.86404
154.0,485.29715
542.0,218.22577
144.0,503.7047
234.0,208.73726
324.0,291.3676
469.33333333333337,353.38782
614.6666666666667,456.72815
760.0,552.71246
275.0,642.8598
218.0,302.68488
161.0,269.71582
103.99999999999999,223.4449
47.0,183.22131
46.5,141.81378
46.0,144.8027
529.0,145.9027
579.75,491.44745
630.5,529.66254
681.25,563.5182
732.0,590.889
782.75,619.1849
833.5,648.2539
884.2500000000001,677.9071
935.0,707.7408
806.25,737.4107
677.5,659.60693
548.75,580.4095
420.0,496.90155
1009.0,411.25397
746.6666666666667,776.61017
484.3333333333333,626.02026
222.0,461.27707
28.0,269.45316
98.0,122.78385
168.0,186.44331
92.0,243.00859
833.0,186.63963
84.0,675.29156
65.0,160.3307
46.0,165.35606
49.25,140.78116
52.5,144.8999
55.75,148.2951
59.0,151.409
62.25000000000001,153.72653
65.5,155.4565
68.75,156.85373
72.0,158.15388
551.0,159.52806
436.0,497.43597
321.0,424.92065
239.99999999999997,344.40005
159.0,280.9823
311.0,218.76596
250.0,334.50543
347.0,290.28732
444.0,364.95718
245.5,432.98596
47.0,288.4356
93.75,136.1438
140.5,176.04958
187.25,212.96109
234.0,251.09526
29.999999999999996,287.03467
687.0,126.83216
575.1666666666666,581.76904
463.3333333333334,519.83386
351.5,448.1367
239.66666666666669,364.16003
127.83333333333337,280.61362
16.0,196.36018
249.00000000000003,110.816086
482.0,295.19766
715.0,461.18494
600.5,614.7226
486.0,540.97375
453.75,462.0176
421.5,436.86005
389.25,413.21445
357.0,391.5171
307.5,370.13614
258.0,335.96744
451.00000000000006,301.39163
801.0,441.34167
769.0,664.10406
737.0,647.2111
387.0,627.29315
37.0,383.67163
86.0,118.67597
81.6,168.04361
77.2,166.93289
72.8,169.9299
68.4,169.57706
64.0,167.10075
59.59999999999999,162.9897
55.2,157.89284
50.8,152.35927
46.4,146.78026
42.0,141.40253
321.0,136.34332
336.0,344.41376
351.0,355.7789
474.3999999999999,366.82092
597.8,450.58246
721.2,531.5737
844.6,610.10266
968.0,684.84814
507.49999999999994,755.99457
47.0,457.92154
597.0,117.45387
573.0,524.6691
58.0,514.17633
94.0,138.2811
165.33333333333331,183.60811
236.66666666666666,237.28242
308.0,294.4681
379.3333333333333,347.84134
450.66666666666663,397.79645
522.0,445.16888
80.0,490.8192
69.66666666666667,156.75082
59.333333333333336,157.20734
49.0,146.72931
157.33333333333331,142.02153
265.66666666666663,229.03275
374.0,310.80066
361.5,389.03928
349.0,378.6348
21.0,367.7053
796.5,110.909904
1572.0,638.18024
1196.0,1028.1052
820.0,878.9733
550.0,667.3581
308.0,488.0307
908.0,318.72647
289.0,712.9333
264.2857142857143,299.42725
239.57142857142856,311.63876
214.85714285714286,290.30643
190.14285714285714,276.79657
165.42857142857142,260.6638
140.71428571428572,242.8862
116.0,223.68065
163.0,203.5116
362.0,238.46298
561.0,382.23654
123.0,516.1788
21.0,193.24399
521.0,118.12828
404.0,476.63052
287.0,401.59076
295.0,322.1196
765.0,326.69113
660.0,634.7407
555.0,573.4158
385.0,507.4588
215.0,385.82635
45.0,261.31915
215.0,131.58743
385.0,270.34076
352.57142857142856,395.5378
320.1428571428571,375.248
287.7142857142857,352.57236
255.28571428571428,326.77466
222.8571428571428,301.31152
190.42857142857142,276.24173
158.0,251.5204
165.0,226.96947
831.4999999999999,232.97826
1498.0,668.57385
1252.0,1007.94305
1006.0,911.95233
760.0,779.2063
514.0,624.5162
268.0,462.61185
22.0,290.75842
511.0,107.82248
1000.0,478.90695
1022.0,776.8058
371.0,800.4594
392.0,372.35913
413.0,401.83423
433.99999999999994,410.80493
393.44444444444446,428.64127
352.8888888888889,401.41516
312.3333333333333,373.89313
271.77777777777777,344.88776
231.22222222222223,315.44254
190.66666666666666,285.5618
150.1111111111111,255.2675
109.55555555555554,224.54497
69.0,193.37346
80.0,161.7326
165.66666666666669,170.74535
251.33333333333334,236.65146
337.0,300.13052
154.0,361.5427
380.66666666666663,222.02774
607.3333333333333,388.83752
834.0,539.2445
58.0,680.917
511.5,122.35066
965.0,472.44717
687.0,745.89795
409.0,587.2305
574.0,402.93082
412.0,518.4328
404.77777777777777,404.0993
397.55555555555554,406.27866
390.3333333333333,401.70227
383.1111111111111,398.7755
375.8888888888889,394.83847
368.6666666666667,390.22137
361.44444444444446,385.07864
354.22222222222223,379.61896
347.0,374.00626
535.0,368.3558
263.0,498.13763
227.39999999999998,301.2109
191.8,280.2092
156.2,251.2969
120.60000000000001,225.80469
85.0,199.77612
66.0,173.1871
140.33333333333331,159.13676
214.66666666666669,217.50041
289.0,273.24307
35.0,327.52893
114.0,128.79442
163.7,193.437
213.39999999999998,228.85005
263.1,267.4293
312.8,304.33716
362.5,340.1873
412.20000000000005,375.1423
461.9,409.42383
511.6,443.17874
561.3,476.4843
611.0,509.36133
810.0,541.7937
378.0,666.0019
1254.0,372.63596
639.0,882.9227
24.0,539.8394
10.0,101.2655
203.0,106.778854
396.0,260.8785
589.0,406.9434
782.0,541.40906
29.0,662.46875
306.0,110.9972
289.5,342.22623
273.0,322.5681
299.0,315.5128
307.0,334.7858
315.0,340.27295
267.3333333333333,345.84604
219.66666666666669,309.8697
172.0,273.97424
124.33333333333334,237.46344
76.66666666666669,201.01483
29.0,164.40224
579.0,127.42029
1129.0,517.81213
242.0,837.11346
559.0,268.47833
546.6666666666666,511.0834
534.3333333333334,494.52338
522.0,491.3373
275.5,483.17987
29.0,306.07626
1379.0,119.04164
59.0,895.30524
95.33333333333334,110.00718
131.66666666666669,192.84282
168.0,207.03973
820.5,240.77301
1473.0,670.6441
130.0,1004.15625
128.85714285714286,167.0934
127.71428571428571,210.56631
126.57142857142858,197.09012
125.42857142857143,203.13002
124.28571428571428,206.94055
123.14285714285714,209.04329
122.00000000000001,209.13506
701.0,207.71213
595.0,598.5448
954.0,537.868
805.0,754.1346
342.0,662.8498
105.99999999999999,345.83817
88.0,171.85641
70.0,163.42114
51.99999999999999,154.68704
34.0,147.24057
78.0,137.39066
457.0,174.54726
836.0,448.25626
847.9999999999999,686.4389
816.0,697.4594
784.0,674.94666
752.0,649.53467
720.0,626.53595
688.0,605.73956
656.0,586.3899
624.0,567.7391
592.0,549.217
560.0,530.4432
528.0,511.19937
1000.0,491.3883
977.9999999999999,777.21277
956.0000000000001,768.01917
682.0,758.1872
373.0,584.0753
535.0,373.012
278.0,493.92252
180.5,307.64413
83.0,246.07649
256.0,172.6851
429.0,310.02277
602.0,433.54642
545.4,549.89294
488.8,510.1801
432.2,468.87625
375.6,425.573
319.0,383.68906
334.57142857142856,342.703
350.14285714285717,355.5426
365.7142857142857,367.77814
381.2857142857143,380.30066
396.8571428571429,392.023
412.42857142857144,403.11072
428.0,413.74606
246.0,424.11768
624.0,289.95807
656.0,552.555
688.0,573.4247
720.0,596.4348
854.0,614.12787
988.0,694.2311
381.0,770.1908
98.0,366.72864
262.0,168.36894
426.0,301.33466
590.0,422.1987
766.0,538.1332
49.0,650.5965
32.0,126.148476
335.0,134.34721
319.0,358.72537
338.7142857142857,349.6592
358.42857142857144,367.65518
378.14285714285717,379.7994
397.8571428571429,392.06003
417.57142857142856,404.20255
437.2857142857143,416.53595
457.0,429.1262
538.5,441.96954
620.0,497.01407
48.0,550.1619
654.0,122.50466
534.75,563.39777
415.49999999999994,488.94226
296.25,415.46783
177.0,327.91556
322.2,239.19812
467.4,350.5101
612.5999999999999,452.8071
757.8,550.9511
902.9999999999999,641.8091
702.0,726.47955
501.0,599.65564
269.0,465.64743
37.0,297.84396
